profile,actor,DPS,increase,
Dungeons-Slice,M12_V0_H15_C9,5710941,122.65%,
Dungeons-Slice,M13_V0_H15_C8,5706304,122.47%,
Dungeons-Slice,M13_V1_H15_C7,5703038,122.34%,
Dungeons-Slice,M14_V0_H15_C7,5702309,122.32%,
Dungeons-Slice,M13_V1_H14_C8,5702230,122.31%,
Dungeons-Slice,M12_V2_H15_C7,5701886,122.30%,
Dungeons-Slice,M12_V1_H15_C8,5701421,122.28%,
Dungeons-Slice,M11_V1_H15_C9,5700621,122.25%,
Dungeons-Slice,M11_V2_H15_C8,5700389,122.24%,
Dungeons-Slice,M14_V0_H14_C8,5699571,122.21%,
Dungeons-Slice,M13_V0_H14_C9,5699325,122.20%,
Dungeons-Slice,M12_V2_H14_C8,5699157,122.19%,
Dungeons-Slice,M12_V1_H14_C9,5698932,122.18%,
Dungeons-Slice,M13_V2_H15_C6,5698831,122.18%,
Dungeons-Slice,M14_V2_H14_C6,5696151,122.08%,
Dungeons-Slice,M12_V0_H14_C10,5696073,122.07%,
Dungeons-Slice,M13_V3_H14_C6,5695272,122.04%,
Dungeons-Slice,M14_V1_H15_C6,5694819,122.02%,
Dungeons-Slice,M11_V0_H15_C10,5693998,121.99%,
Dungeons-Slice,M11_V0_H14_C11,5693635,121.98%,
Dungeons-Slice,M13_V2_H14_C7,5693481,121.97%,
Dungeons-Slice,M11_V3_H15_C7,5693153,121.96%,
Dungeons-Slice,M12_V3_H15_C6,5692479,121.93%,
Dungeons-Slice,M15_V0_H14_C7,5691282,121.89%,
Dungeons-Slice,M14_V1_H14_C7,5690824,121.87%,
Dungeons-Slice,M14_V2_H15_C5,5690553,121.86%,
Dungeons-Slice,M11_V2_H14_C9,5689006,121.80%,
Dungeons-Slice,M15_V1_H15_C5,5688002,121.76%,
Dungeons-Slice,M12_V3_H14_C7,5687231,121.73%,
Dungeons-Slice,M10_V1_H15_C10,5687230,121.73%,
Dungeons-Slice,M15_V0_H15_C6,5686113,121.68%,
Dungeons-Slice,M11_V3_H14_C8,5685863,121.67%,
Dungeons-Slice,M13_V0_H13_C10,5685538,121.66%,
Dungeons-Slice,M10_V0_H15_C11,5685471,121.66%,
Dungeons-Slice,M12_V4_H15_C5,5684583,121.62%,
Dungeons-Slice,M14_V1_H13_C8,5683920,121.60%,
Dungeons-Slice,M13_V1_H13_C9,5683331,121.58%,
Dungeons-Slice,M10_V3_H15_C8,5683077,121.57%,
Dungeons-Slice,M14_V3_H14_C5,5683000,121.56%,
Dungeons-Slice,M14_V0_H13_C9,5682664,121.55%,
Dungeons-Slice,M16_V0_H14_C6,5682223,121.53%,
Dungeons-Slice,M13_V3_H15_C5,5681267,121.50%,
Dungeons-Slice,M11_V1_H14_C10,5680762,121.48%,
Dungeons-Slice,M15_V1_H14_C6,5680504,121.47%,
Dungeons-Slice,M12_V1_H13_C10,5680383,121.46%,
Dungeons-Slice,M12_V4_H14_C6,5680327,121.46%,
Dungeons-Slice,M12_V2_H13_C9,5679972,121.44%,
Dungeons-Slice,M10_V2_H15_C9,5679636,121.43%,
Dungeons-Slice,M12_V3_H13_C8,5678272,121.38%,
Dungeons-Slice,M13_V2_H13_C8,5677788,121.36%,
Dungeons-Slice,M11_V4_H15_C6,5677660,121.35%,
Dungeons-Slice,M11_V4_H14_C7,5677601,121.35%,
Dungeons-Slice,M11_V3_H13_C9,5677361,121.34%,
Dungeons-Slice,M15_V2_H14_C5,5677248,121.34%,
Dungeons-Slice,M13_V4_H15_C4,5677150,121.33%,
Dungeons-Slice,M14_V3_H15_C4,5676994,121.33%,
Dungeons-Slice,M10_V2_H14_C10,5675830,121.28%,
Dungeons-Slice,M16_V0_H15_C5,5675450,121.27%,
Dungeons-Slice,M12_V0_H16_C8,5674911,121.25%,
Dungeons-Slice,M10_V3_H14_C9,5674860,121.25%,
Dungeons-Slice,M13_V4_H14_C5,5674440,121.23%,
Dungeons-Slice,M14_V2_H13_C7,5673776,121.20%,
Dungeons-Slice,M15_V1_H13_C7,5673141,121.18%,
Dungeons-Slice,M10_V4_H15_C7,5672627,121.16%,
Dungeons-Slice,M12_V0_H13_C11,5671847,121.13%,
Dungeons-Slice,M11_V1_H13_C11,5670852,121.09%,
Dungeons-Slice,M14_V3_H13_C6,5670607,121.08%,
Dungeons-Slice,M13_V3_H13_C7,5670499,121.08%,
Dungeons-Slice,M9_V1_H15_C11,5670184,121.06%,
Dungeons-Slice,M11_V2_H13_C10,5669982,121.06%,
Dungeons-Slice,M9_V2_H15_C10,5669333,121.03%,
Dungeons-Slice,M14_V1_H11_C10,5669183,121.02%,
Dungeons-Slice,M10_V1_H14_C11,5668541,121.00%,
Dungeons-Slice,M10_V4_H14_C8,5668206,120.99%,
Dungeons-Slice,M15_V2_H15_C4,5668103,120.98%,
Dungeons-Slice,M16_V1_H15_C4,5668066,120.98%,
Dungeons-Slice,M15_V0_H13_C8,5667953,120.98%,
Dungeons-Slice,M11_V5_H14_C6,5667943,120.98%,
Dungeons-Slice,M13_V0_H16_C7,5667191,120.95%,
Dungeons-Slice,M14_V2_H12_C8,5667119,120.94%,
Dungeons-Slice,M14_V4_H14_C4,5666639,120.92%,
Dungeons-Slice,M14_V4_H13_C5,5666209,120.91%,
Dungeons-Slice,M16_V1_H14_C5,5666070,120.90%,
Dungeons-Slice,M14_V1_H12_C9,5665892,120.90%,
Dungeons-Slice,M13_V1_H11_C11,5665648,120.89%,
Dungeons-Slice,M13_V4_H13_C6,5665585,120.88%,
Dungeons-Slice,M12_V4_H13_C7,5665443,120.88%,
Dungeons-Slice,M10_V0_H14_C12,5665431,120.88%,
Dungeons-Slice,M13_V3_H11_C9,5665388,120.88%,
Dungeons-Slice,M13_V1_H16_C6,5665043,120.86%,
Dungeons-Slice,M14_V3_H11_C8,5664964,120.86%,
Dungeons-Slice,M13_V1_H12_C10,5664880,120.86%,
Dungeons-Slice,M11_V5_H15_C5,5664670,120.85%,
Dungeons-Slice,M14_V2_H11_C9,5664260,120.83%,
Dungeons-Slice,M13_V5_H15_C3,5664149,120.83%,
Dungeons-Slice,M9_V3_H15_C9,5663953,120.82%,
Dungeons-Slice,M16_V1_H13_C6,5663456,120.80%,
Dungeons-Slice,M13_V4_H11_C8,5663264,120.79%,
Dungeons-Slice,M12_V1_H16_C7,5663260,120.79%,
Dungeons-Slice,M10_V5_H14_C7,5663255,120.79%,
Dungeons-Slice,M15_V2_H13_C6,5663213,120.79%,
Dungeons-Slice,M14_V4_H15_C3,5663117,120.79%,
Dungeons-Slice,M9_V4_H15_C8,5662816,120.78%,
Dungeons-Slice,M13_V2_H12_C9,5662621,120.77%,
Dungeons-Slice,M12_V5_H15_C4,5662477,120.76%,
Dungeons-Slice,M15_V3_H14_C4,5661856,120.74%,
Dungeons-Slice,M11_V0_H16_C9,5661746,120.73%,
Dungeons-Slice,M14_V0_H16_C6,5661742,120.73%,
Dungeons-Slice,M12_V3_H11_C10,5661675,120.73%,
Dungeons-Slice,M16_V0_H13_C7,5661564,120.73%,
Dungeons-Slice,M12_V5_H14_C5,5661558,120.73%,
Dungeons-Slice,M11_V4_H13_C8,5661505,120.72%,
Dungeons-Slice,M15_V1_H11_C9,5661022,120.71%,
Dungeons-Slice,M12_V0_H17_C7,5660627,120.69%,
Dungeons-Slice,M15_V3_H13_C5,5660439,120.68%,
Dungeons-Slice,M10_V5_H15_C6,5660268,120.68%,
Dungeons-Slice,M13_V5_H14_C4,5660021,120.67%,
Dungeons-Slice,M14_V0_H12_C10,5659653,120.65%,
Dungeons-Slice,M13_V3_H12_C8,5659272,120.64%,
Dungeons-Slice,M12_V2_H16_C6,5659183,120.63%,
Dungeons-Slice,M16_V2_H14_C4,5659089,120.63%,
Dungeons-Slice,M11_V0_H13_C12,5658547,120.61%,
Dungeons-Slice,M16_V2_H13_C5,5658301,120.60%,
Dungeons-Slice,M13_V2_H11_C10,5658185,120.60%,
Dungeons-Slice,M12_V4_H11_C9,5657752,120.58%,
Dungeons-Slice,M15_V0_H12_C9,5657259,120.56%,
Dungeons-Slice,M13_V0_H12_C11,5657125,120.55%,
Dungeons-Slice,M10_V3_H13_C10,5657104,120.55%,
Dungeons-Slice,M11_V2_H16_C7,5657046,120.55%,
Dungeons-Slice,M10_V2_H13_C11,5656897,120.54%,
Dungeons-Slice,M17_V0_H14_C5,5656364,120.52%,
Dungeons-Slice,M11_V1_H16_C8,5656357,120.52%,
Dungeons-Slice,M15_V3_H15_C3,5655931,120.51%,
Dungeons-Slice,M15_V0_H11_C10,5655779,120.50%,
Dungeons-Slice,M9_V2_H14_C11,5655768,120.50%,
Dungeons-Slice,M14_V0_H11_C11,5655759,120.50%,
Dungeons-Slice,M15_V3_H11_C7,5655338,120.48%,
Dungeons-Slice,M14_V3_H12_C7,5655250,120.48%,
Dungeons-Slice,M9_V0_H15_C12,5655187,120.48%,
Dungeons-Slice,M9_V1_H14_C12,5655093,120.47%,
Dungeons-Slice,M17_V0_H15_C4,5654927,120.47%,
Dungeons-Slice,M12_V4_H12_C8,5654679,120.46%,
Dungeons-Slice,M14_V4_H11_C7,5654578,120.45%,
Dungeons-Slice,M15_V1_H12_C8,5654569,120.45%,
Dungeons-Slice,M15_V2_H12_C7,5654419,120.45%,
Dungeons-Slice,M16_V0_H11_C9,5654238,120.44%,
Dungeons-Slice,M12_V1_H11_C12,5654012,120.43%,
Dungeons-Slice,M15_V2_H11_C8,5653861,120.43%,
Dungeons-Slice,M15_V0_H16_C5,5653835,120.43%,
Dungeons-Slice,M14_V4_H12_C6,5653603,120.42%,
Dungeons-Slice,M12_V5_H13_C6,5653436,120.41%,
Dungeons-Slice,M9_V4_H14_C9,5653038,120.39%,
Dungeons-Slice,M12_V3_H12_C9,5652783,120.38%,
Dungeons-Slice,M16_V2_H15_C3,5652686,120.38%,
Dungeons-Slice,M16_V2_H11_C7,5652663,120.38%,
Dungeons-Slice,M9_V3_H14_C10,5652427,120.37%,
Dungeons-Slice,M9_V5_H15_C7,5652203,120.36%,
Dungeons-Slice,M15_V3_H12_C6,5652148,120.36%,
Dungeons-Slice,M13_V5_H13_C5,5651990,120.35%,
Dungeons-Slice,M12_V1_H12_C11,5651518,120.34%,
Dungeons-Slice,M14_V1_H16_C5,5651361,120.33%,
Dungeons-Slice,M13_V4_H12_C7,5651020,120.32%,
Dungeons-Slice,M11_V2_H17_C6,5650734,120.30%,
Dungeons-Slice,M11_V5_H13_C7,5650683,120.30%,
Dungeons-Slice,M12_V2_H12_C10,5650663,120.30%,
Dungeons-Slice,M13_V0_H17_C6,5649884,120.27%,
Dungeons-Slice,M12_V2_H11_C11,5649765,120.27%,
Dungeons-Slice,M16_V1_H12_C7,5649756,120.27%,
Dungeons-Slice,M13_V1_H17_C5,5649724,120.27%,
Dungeons-Slice,M13_V2_H16_C5,5649551,120.26%,
Dungeons-Slice,M10_V0_H16_C10,5649471,120.26%,
Dungeons-Slice,M17_V1_H14_C4,5648919,120.23%,
Dungeons-Slice,M10_V4_H13_C9,5648670,120.22%,
Dungeons-Slice,M12_V1_H17_C6,5648543,120.22%,
Dungeons-Slice,M11_V1_H17_C7,5648473,120.22%,
Dungeons-Slice,M13_V5_H11_C7,5648209,120.21%,
Dungeons-Slice,M15_V4_H13_C4,5648049,120.20%,
Dungeons-Slice,M17_V0_H13_C6,5647745,120.19%,
Dungeons-Slice,M13_V0_H11_C12,5647538,120.18%,
Dungeons-Slice,M10_V2_H16_C8,5646890,120.15%,
Dungeons-Slice,M16_V0_H12_C8,5646789,120.15%,
Dungeons-Slice,M10_V0_H13_C13,5646781,120.15%,
Dungeons-Slice,M11_V3_H16_C6,5646499,120.14%,
Dungeons-Slice,M14_V0_H17_C5,5646331,120.13%,
Dungeons-Slice,M15_V4_H14_C3,5646220,120.13%,
Dungeons-Slice,M11_V0_H17_C8,5646168,120.13%,
Dungeons-Slice,M14_V5_H13_C4,5645366,120.10%,
Dungeons-Slice,M12_V5_H11_C8,5645251,120.09%,
Dungeons-Slice,M15_V4_H11_C6,5645178,120.09%,
Dungeons-Slice,M13_V2_H17_C4,5644772,120.07%,
Dungeons-Slice,M16_V1_H11_C8,5644771,120.07%,
Dungeons-Slice,M14_V1_H17_C4,5644391,120.06%,
Dungeons-Slice,M11_V4_H12_C9,5644084,120.05%,
Dungeons-Slice,M11_V4_H11_C10,5643859,120.04%,
Dungeons-Slice,M16_V3_H13_C4,5643743,120.03%,
Dungeons-Slice,M10_V1_H13_C12,5643579,120.03%,
Dungeons-Slice,M12_V3_H16_C5,5643573,120.03%,
Dungeons-Slice,M9_V5_H14_C8,5643249,120.01%,
Dungeons-Slice,M11_V2_H12_C11,5642849,120.00%,
Dungeons-Slice,M13_V5_H12_C6,5642705,119.99%,
Dungeons-Slice,M10_V1_H16_C9,5642589,119.99%,
Dungeons-Slice,M14_V1_H10_C11,5642263,119.97%,
Dungeons-Slice,M12_V0_H12_C12,5641932,119.96%,
Dungeons-Slice,M12_V2_H17_C5,5641818,119.96%,
Dungeons-Slice,M17_V1_H15_C3,5641794,119.96%,
Dungeons-Slice,M11_V3_H12_C10,5641671,119.95%,
Dungeons-Slice,M13_V2_H10_C11,5641544,119.95%,
Dungeons-Slice,M10_V5_H13_C8,5641339,119.94%,
Dungeons-Slice,M14_V5_H14_C3,5641246,119.93%,
Dungeons-Slice,M11_V3_H11_C11,5641144,119.93%,
Dungeons-Slice,M12_V0_H11_C13,5641123,119.93%,
Dungeons-Slice,M14_V2_H16_C4,5641023,119.93%,
Dungeons-Slice,M13_V3_H16_C4,5640784,119.92%,
Dungeons-Slice,M10_V2_H17_C7,5640758,119.92%,
Dungeons-Slice,M14_V3_H10_C9,5640641,119.91%,
Dungeons-Slice,M12_V5_H12_C7,5639526,119.87%,
Dungeons-Slice,M11_V5_H11_C9,5639378,119.86%,
Dungeons-Slice,M11_V5_H12_C8,5638626,119.83%,
Dungeons-Slice,M10_V1_H17_C8,5638543,119.83%,
Dungeons-Slice,M11_V1_H11_C13,5638470,119.83%,
Dungeons-Slice,M9_V0_H14_C13,5638417,119.82%,
Dungeons-Slice,M14_V5_H12_C5,5638302,119.82%,
Dungeons-Slice,M15_V4_H12_C5,5638302,119.82%,
Dungeons-Slice,M16_V3_H14_C3,5637961,119.81%,
Dungeons-Slice,M12_V4_H16_C4,5637949,119.81%,
Dungeons-Slice,M17_V1_H11_C7,5637938,119.81%,
Dungeons-Slice,M16_V3_H11_C6,5637843,119.80%,
Dungeons-Slice,M15_V1_H10_C10,5637632,119.79%,
Dungeons-Slice,M14_V5_H11_C6,5637555,119.79%,
Dungeons-Slice,M13_V3_H10_C10,5637158,119.78%,
Dungeons-Slice,M14_V2_H10_C10,5636848,119.76%,
Dungeons-Slice,M14_V3_H16_C3,5636182,119.74%,
Dungeons-Slice,M9_V3_H13_C11,5635994,119.73%,
Dungeons-Slice,M9_V4_H13_C10,5635733,119.72%,
Dungeons-Slice,M15_V1_H16_C4,5635249,119.70%,
Dungeons-Slice,M11_V3_H17_C5,5635157,119.70%,
Dungeons-Slice,M17_V2_H14_C3,5634940,119.69%,
Dungeons-Slice,M16_V2_H12_C6,5634696,119.68%,
Dungeons-Slice,M11_V1_H12_C12,5634429,119.67%,
Dungeons-Slice,M11_V4_H16_C5,5634056,119.65%,
Dungeons-Slice,M10_V4_H12_C10,5633820,119.65%,
Dungeons-Slice,M17_V0_H11_C8,5633770,119.64%,
Dungeons-Slice,M13_V4_H10_C9,5633369,119.63%,
Dungeons-Slice,M17_V2_H13_C4,5633352,119.63%,
Dungeons-Slice,M15_V2_H10_C9,5632994,119.61%,
Dungeons-Slice,M12_V0_H18_C6,5632873,119.61%,
Dungeons-Slice,M10_V0_H17_C9,5632745,119.60%,
Dungeons-Slice,M9_V5_H13_C9,5632242,119.58%,
Dungeons-Slice,M12_V1_H18_C5,5631892,119.57%,
Dungeons-Slice,M10_V3_H16_C7,5631859,119.57%,
Dungeons-Slice,M9_V2_H13_C12,5631526,119.56%,
Dungeons-Slice,M11_V2_H11_C12,5631436,119.55%,
Dungeons-Slice,M17_V1_H13_C5,5631418,119.55%,
Dungeons-Slice,M16_V0_H16_C4,5630941,119.53%,
Dungeons-Slice,M12_V3_H17_C4,5630741,119.53%,
Dungeons-Slice,M18_V0_H13_C5,5630637,119.52%,
Dungeons-Slice,M17_V0_H12_C7,5630588,119.52%,
Dungeons-Slice,M13_V0_H18_C5,5630478,119.51%,
Dungeons-Slice,M15_V0_H17_C4,5630411,119.51%,
Dungeons-Slice,M12_V4_H10_C10,5630371,119.51%,
Dungeons-Slice,M14_V0_H10_C12,5630042,119.50%,
Dungeons-Slice,M13_V1_H10_C12,5629793,119.49%,
Dungeons-Slice,M10_V4_H11_C11,5629759,119.49%,
Dungeons-Slice,M9_V2_H16_C9,5629751,119.49%,
Dungeons-Slice,M15_V5_H11_C5,5629224,119.47%,
Dungeons-Slice,M15_V0_H10_C11,5628922,119.45%,
Dungeons-Slice,M12_V3_H10_C11,5628493,119.44%,
Dungeons-Slice,M16_V1_H10_C9,5628186,119.43%,
Dungeons-Slice,M10_V3_H12_C11,5628148,119.42%,
Dungeons-Slice,M17_V1_H12_C6,5627918,119.42%,
Dungeons-Slice,M18_V0_H15_C3,5627913,119.41%,
Dungeons-Slice,M17_V2_H11_C6,5627437,119.40%,
Dungeons-Slice,M14_V4_H10_C8,5627353,119.39%,
Dungeons-Slice,M13_V5_H10_C8,5627121,119.38%,
Dungeons-Slice,M15_V5_H13_C3,5627102,119.38%,
Dungeons-Slice,M16_V4_H13_C3,5627052,119.38%,
Dungeons-Slice,M15_V3_H10_C8,5626945,119.38%,
Dungeons-Slice,M18_V0_H14_C4,5626918,119.38%,
Dungeons-Slice,M9_V1_H16_C10,5626502,119.36%,
Dungeons-Slice,M15_V2_H16_C3,5626434,119.36%,
Dungeons-Slice,M13_V4_H16_C3,5626366,119.35%,
Dungeons-Slice,M11_V1_H18_C6,5626037,119.34%,
Dungeons-Slice,M10_V3_H17_C6,5625683,119.33%,
Dungeons-Slice,M10_V4_H16_C6,5625631,119.33%,
Dungeons-Slice,M14_V2_H17_C3,5624768,119.29%,
Dungeons-Slice,M11_V0_H18_C7,5624345,119.28%,
Dungeons-Slice,M17_V2_H12_C5,5623865,119.26%,
Dungeons-Slice,M18_V0_H11_C7,5623756,119.25%,
Dungeons-Slice,M9_V0_H17_C10,5623563,119.25%,
Dungeons-Slice,M14_V5_H10_C7,5623461,119.24%,
Dungeons-Slice,M15_V5_H12_C4,5623444,119.24%,
Dungeons-Slice,M16_V4_H11_C5,5623429,119.24%,
Dungeons-Slice,M10_V5_H12_C9,5623030,119.22%,
Dungeons-Slice,M13_V3_H17_C3,5622951,119.22%,
Dungeons-Slice,M9_V3_H16_C8,5622873,119.22%,
Dungeons-Slice,M16_V2_H10_C8,5622869,119.22%,
Dungeons-Slice,M11_V4_H17_C4,5622482,119.20%,
Dungeons-Slice,M16_V3_H12_C5,5622253,119.19%,
Dungeons-Slice,M13_V1_H18_C4,5621957,119.18%,
Dungeons-Slice,M12_V5_H10_C9,5621441,119.16%,
Dungeons-Slice,M10_V3_H11_C12,5621399,119.16%,
Dungeons-Slice,M11_V4_H10_C11,5621172,119.15%,
Dungeons-Slice,M10_V5_H11_C10,5621024,119.15%,
Dungeons-Slice,M11_V5_H16_C4,5620273,119.12%,
Dungeons-Slice,M17_V3_H11_C5,5620244,119.12%,
Dungeons-Slice,M15_V4_H10_C7,5619962,119.10%,
Dungeons-Slice,M10_V5_H16_C5,5619905,119.10%,
Dungeons-Slice,M9_V4_H16_C7,5619838,119.10%,
Dungeons-Slice,M11_V2_H18_C5,5619407,119.08%,
Dungeons-Slice,M10_V2_H12_C12,5619148,119.07%,
Dungeons-Slice,M12_V2_H10_C12,5619123,119.07%,
Dungeons-Slice,M11_V0_H12_C13,5619097,119.07%,
Dungeons-Slice,M9_V1_H17_C9,5618782,119.06%,
Dungeons-Slice,M10_V0_H18_C8,5618737,119.06%,
Dungeons-Slice,M9_V1_H13_C13,5618710,119.06%,
Dungeons-Slice,M18_V1_H14_C3,5618478,119.05%,
Dungeons-Slice,M9_V0_H16_C11,5618340,119.04%,
Dungeons-Slice,M14_V0_H18_C4,5618116,119.03%,
Dungeons-Slice,M18_V1_H13_C4,5617885,119.02%,
Dungeons-Slice,M12_V2_H18_C4,5617716,119.02%,
Dungeons-Slice,M9_V2_H17_C8,5617069,118.99%,
Dungeons-Slice,M10_V1_H12_C13,5617034,118.99%,
Dungeons-Slice,M16_V0_H10_C10,5616763,118.98%,
Dungeons-Slice,M18_V0_H12_C6,5616537,118.97%,
Dungeons-Slice,M12_V1_H10_C13,5616489,118.97%,
Dungeons-Slice,M15_V1_H17_C3,5616453,118.97%,
Dungeons-Slice,M16_V0_H17_C3,5616322,118.96%,
Dungeons-Slice,M16_V3_H10_C7,5616055,118.95%,
Dungeons-Slice,M11_V3_H10_C12,5615912,118.95%,
Dungeons-Slice,M16_V1_H16_C3,5615359,118.93%,
Dungeons-Slice,M10_V2_H11_C13,5615036,118.91%,
Dungeons-Slice,M18_V1_H11_C6,5614683,118.90%,
Dungeons-Slice,M11_V0_H11_C14,5614568,118.89%,
Dungeons-Slice,M16_V4_H12_C4,5613403,118.85%,
Dungeons-Slice,M9_V3_H17_C7,5613266,118.84%,
Dungeons-Slice,M18_V2_H11_C5,5613250,118.84%,
Dungeons-Slice,M10_V4_H17_C5,5612966,118.83%,
Dungeons-Slice,M16_V5_H11_C4,5612673,118.82%,
Dungeons-Slice,M13_V0_H10_C13,5612514,118.81%,
Dungeons-Slice,M17_V3_H13_C3,5612250,118.80%,
Dungeons-Slice,M17_V0_H16_C3,5612122,118.80%,
Dungeons-Slice,M10_V1_H18_C7,5611984,118.79%,
Dungeons-Slice,M13_V2_H18_C3,5611318,118.77%,
Dungeons-Slice,M14_V2_H9_C11,5611211,118.76%,
Dungeons-Slice,M12_V5_H16_C3,5611127,118.76%,
Dungeons-Slice,M14_V1_H18_C3,5611013,118.76%,
Dungeons-Slice,M10_V2_H18_C6,5610343,118.73%,
Dungeons-Slice,M17_V1_H10_C8,5610333,118.73%,
Dungeons-Slice,M9_V4_H12_C11,5610278,118.73%,
Dungeons-Slice,M11_V3_H18_C4,5610263,118.73%,
Dungeons-Slice,M15_V5_H10_C6,5610171,118.72%,
Dungeons-Slice,M17_V0_H10_C9,5608992,118.68%,
Dungeons-Slice,M12_V4_H17_C3,5608968,118.68%,
Dungeons-Slice,M9_V5_H12_C10,5608961,118.68%,
Dungeons-Slice,M17_V3_H12_C4,5608691,118.67%,
Dungeons-Slice,M9_V3_H12_C12,5608163,118.64%,
Dungeons-Slice,M9_V0_H13_C14,5607626,118.62%,
Dungeons-Slice,M13_V2_H9_C12,5607574,118.62%,
Dungeons-Slice,M11_V5_H10_C10,5607376,118.61%,
Dungeons-Slice,M18_V2_H13_C3,5606215,118.57%,
Dungeons-Slice,M9_V5_H11_C11,5605841,118.55%,
Dungeons-Slice,M9_V5_H16_C6,5605297,118.53%,
Dungeons-Slice,M9_V4_H11_C12,5605188,118.53%,
Dungeons-Slice,M15_V0_H18_C3,5605047,118.52%,
Dungeons-Slice,M17_V4_H11_C4,5604306,118.49%,
Dungeons-Slice,M11_V2_H10_C13,5604275,118.49%,
Dungeons-Slice,M16_V4_H10_C6,5604108,118.49%,
Dungeons-Slice,M13_V4_H9_C10,5604023,118.48%,
Dungeons-Slice,M13_V3_H9_C11,5603484,118.46%,
Dungeons-Slice,M18_V1_H12_C5,5603119,118.45%,
Dungeons-Slice,M14_V3_H9_C10,5603072,118.45%,
Dungeons-Slice,M17_V2_H10_C7,5603021,118.44%,
Dungeons-Slice,M15_V1_H9_C11,5602902,118.44%,
Dungeons-Slice,M14_V1_H9_C12,5602899,118.44%,
Dungeons-Slice,M18_V2_H12_C4,5602678,118.43%,
Dungeons-Slice,M10_V3_H18_C5,5602459,118.42%,
Dungeons-Slice,M12_V3_H18_C3,5602357,118.42%,
Dungeons-Slice,M9_V2_H18_C7,5601889,118.40%,
Dungeons-Slice,M16_V5_H12_C3,5601066,118.37%,
Dungeons-Slice,M10_V0_H12_C14,5600828,118.36%,
Dungeons-Slice,M12_V0_H10_C14,5600281,118.34%,
Dungeons-Slice,M17_V3_H10_C6,5599657,118.31%,
Dungeons-Slice,M9_V4_H17_C6,5599533,118.31%,
Dungeons-Slice,M18_V0_H10_C8,5598819,118.28%,
Dungeons-Slice,M19_V0_H14_C3,5598788,118.28%,
Dungeons-Slice,M10_V5_H17_C4,5598615,118.27%,
Dungeons-Slice,M9_V3_H11_C13,5598586,118.27%,
Dungeons-Slice,M10_V1_H11_C14,5598335,118.26%,
Dungeons-Slice,M15_V2_H9_C10,5598308,118.26%,
Dungeons-Slice,M16_V2_H9_C9,5598090,118.25%,
Dungeons-Slice,M15_V3_H9_C9,5597605,118.23%,
Dungeons-Slice,M12_V4_H9_C11,5597471,118.23%,
Dungeons-Slice,M11_V5_H17_C3,5597171,118.22%,
Dungeons-Slice,M12_V3_H9_C12,5597154,118.22%,
Dungeons-Slice,M9_V0_H18_C9,5597033,118.21%,
Dungeons-Slice,M10_V5_H10_C11,5596671,118.20%,
Dungeons-Slice,M11_V1_H10_C14,5596639,118.20%,
Dungeons-Slice,M9_V2_H12_C13,5596588,118.19%,
Dungeons-Slice,M14_V4_H9_C9,5596313,118.18%,
Dungeons-Slice,M13_V5_H9_C9,5595972,118.17%,
Dungeons-Slice,M9_V1_H18_C8,5595745,118.16%,
Dungeons-Slice,M14_V3_H8_C11,5595515,118.15%,
Dungeons-Slice,M13_V1_H9_C13,5595349,118.15%,
Dungeons-Slice,M16_V1_H9_C10,5595150,118.14%,
Dungeons-Slice,M18_V1_H10_C7,5595078,118.13%,
Dungeons-Slice,M10_V4_H10_C12,5594991,118.13%,
Dungeons-Slice,M16_V5_H10_C5,5594816,118.12%,
Dungeons-Slice,M13_V0_H19_C4,5594791,118.12%,
Dungeons-Slice,M15_V2_H8_C11,5594555,118.11%,
Dungeons-Slice,M11_V1_H19_C5,5594539,118.11%,
Dungeons-Slice,M12_V0_H19_C5,5593938,118.09%,
Dungeons-Slice,M12_V1_H19_C4,5593832,118.09%,
Dungeons-Slice,M15_V4_H9_C8,5593214,118.06%,
Dungeons-Slice,M13_V3_H8_C12,5592996,118.05%,
Dungeons-Slice,M12_V5_H9_C10,5592937,118.05%,
Dungeons-Slice,M15_V0_H9_C12,5592751,118.04%,
Dungeons-Slice,M14_V5_H9_C8,5592624,118.04%,
Dungeons-Slice,M10_V3_H10_C13,5592430,118.03%,
Dungeons-Slice,M9_V3_H18_C6,5591830,118.01%,
Dungeons-Slice,M11_V4_H18_C3,5591768,118.01%,
Dungeons-Slice,M19_V0_H11_C6,5591614,118.00%,
Dungeons-Slice,M18_V2_H10_C6,5591158,117.98%,
Dungeons-Slice,M9_V5_H17_C5,5591084,117.98%,
Dungeons-Slice,M16_V0_H9_C11,5590997,117.98%,
Dungeons-Slice,M11_V0_H19_C6,5590953,117.97%,
Dungeons-Slice,M17_V4_H10_C5,5590700,117.96%,
Dungeons-Slice,M19_V0_H13_C4,5590236,117.95%,
Dungeons-Slice,M10_V4_H18_C4,5590014,117.94%,
Dungeons-Slice,M14_V1_H8_C13,5589865,117.93%,
Dungeons-Slice,M17_V5_H11_C3,5589641,117.92%,
Dungeons-Slice,M16_V3_H9_C8,5589321,117.91%,
Dungeons-Slice,M18_V3_H11_C4,5589204,117.91%,
Dungeons-Slice,M13_V1_H19_C3,5589146,117.90%,
Dungeons-Slice,M17_V4_H12_C3,5588879,117.89%,
Dungeons-Slice,M19_V1_H11_C5,5588682,117.89%,
Dungeons-Slice,M14_V2_H8_C12,5588562,117.88%,
Dungeons-Slice,M18_V3_H12_C3,5588392,117.87%,
Dungeons-Slice,M16_V2_H8_C10,5588071,117.86%,
Dungeons-Slice,M14_V4_H8_C10,5587815,117.85%,
Dungeons-Slice,M11_V4_H9_C12,5587186,117.83%,
Dungeons-Slice,M13_V4_H8_C11,5587099,117.82%,
Dungeons-Slice,M15_V3_H8_C10,5586702,117.81%,
Dungeons-Slice,M19_V0_H12_C5,5586677,117.81%,
Dungeons-Slice,M15_V1_H8_C12,5586596,117.80%,
Dungeons-Slice,M14_V0_H9_C13,5586360,117.79%,
Dungeons-Slice,M10_V2_H10_C14,5585595,117.77%,
Dungeons-Slice,M9_V1_H12_C14,5585468,117.76%,
Dungeons-Slice,M15_V4_H8_C9,5585050,117.74%,
Dungeons-Slice,M19_V1_H13_C3,5584664,117.73%,
Dungeons-Slice,M15_V5_H9_C7,5584373,117.72%,
Dungeons-Slice,M14_V0_H19_C3,5584246,117.71%,
Dungeons-Slice,M18_V4_H11_C3,5584073,117.71%,
Dungeons-Slice,M11_V2_H19_C4,5583617,117.69%,
Dungeons-Slice,M11_V5_H9_C11,5583568,117.69%,
Dungeons-Slice,M12_V5_H8_C11,5583314,117.68%,
Dungeons-Slice,M9_V2_H11_C14,5583071,117.67%,
Dungeons-Slice,M12_V2_H19_C3,5582953,117.66%,
Dungeons-Slice,M19_V1_H12_C4,5581616,117.61%,
Dungeons-Slice,M18_V3_H10_C5,5581306,117.60%,
Dungeons-Slice,M17_V0_H9_C10,5581198,117.59%,
Dungeons-Slice,M12_V4_H8_C12,5580838,117.58%,
Dungeons-Slice,M14_V5_H8_C9,5580723,117.58%,
Dungeons-Slice,M13_V2_H8_C13,5580262,117.56%,
Dungeons-Slice,M17_V1_H9_C9,5580098,117.55%,
Dungeons-Slice,M15_V0_H8_C13,5579351,117.52%,
Dungeons-Slice,M16_V4_H9_C7,5578765,117.50%,
Dungeons-Slice,M9_V4_H10_C13,5578727,117.50%,
Dungeons-Slice,M10_V1_H19_C6,5578480,117.49%,
Dungeons-Slice,M9_V4_H18_C5,5578321,117.48%,
Dungeons-Slice,M12_V2_H9_C13,5578307,117.48%,
Dungeons-Slice,M10_V0_H19_C7,5578281,117.48%,
Dungeons-Slice,M17_V2_H9_C8,5577461,117.45%,
Dungeons-Slice,M9_V1_H11_C15,5577450,117.45%,
Dungeons-Slice,M9_V5_H10_C12,5577112,117.43%,
Dungeons-Slice,M13_V5_H8_C10,5576603,117.41%,
Dungeons-Slice,M10_V2_H19_C5,5576459,117.41%,
Dungeons-Slice,M10_V0_H11_C15,5576267,117.40%,
Dungeons-Slice,M11_V3_H9_C13,5576185,117.40%,
Dungeons-Slice,M16_V1_H8_C11,5575562,117.37%,
Dungeons-Slice,M10_V5_H18_C3,5575454,117.37%,
Dungeons-Slice,M12_V1_H9_C14,5575289,117.36%,
Dungeons-Slice,M16_V3_H8_C9,5575140,117.36%,
Dungeons-Slice,M11_V0_H10_C15,5574809,117.34%,
Dungeons-Slice,M15_V5_H8_C8,5574176,117.32%,
Dungeons-Slice,M16_V0_H8_C12,5573589,117.30%,
Dungeons-Slice,M9_V1_H19_C7,5572059,117.24%,
Dungeons-Slice,M12_V3_H8_C13,5571815,117.23%,
Dungeons-Slice,M11_V2_H9_C14,5571693,117.22%,
Dungeons-Slice,M14_V0_H8_C14,5571241,117.21%,
Dungeons-Slice,M17_V3_H9_C7,5571167,117.20%,
Dungeons-Slice,M16_V4_H8_C8,5571088,117.20%,
Dungeons-Slice,M11_V4_H8_C13,5571078,117.20%,
Dungeons-Slice,M11_V5_H8_C12,5571060,117.20%,
Dungeons-Slice,M13_V0_H9_C14,5570855,117.19%,
Dungeons-Slice,M19_V2_H11_C4,5570762,117.19%,
Dungeons-Slice,M17_V5_H10_C4,5569300,117.13%,
Dungeons-Slice,M18_V0_H9_C9,5569191,117.13%,
Dungeons-Slice,M17_V2_H8_C9,5569080,117.12%,
Dungeons-Slice,M19_V3_H11_C3,5568132,117.08%,
Dungeons-Slice,M16_V5_H9_C6,5567430,117.06%,
Dungeons-Slice,M13_V1_H8_C14,5566780,117.03%,
Dungeons-Slice,M17_V4_H9_C6,5566492,117.02%,
Dungeons-Slice,M9_V0_H19_C8,5566362,117.02%,
Dungeons-Slice,M10_V3_H19_C4,5566259,117.01%,
Dungeons-Slice,M19_V1_H10_C6,5566151,117.01%,
Dungeons-Slice,M11_V3_H19_C3,5566044,117.00%,
Dungeons-Slice,M19_V0_H10_C7,5566008,117.00%,
Dungeons-Slice,M10_V5_H9_C12,5565826,116.99%,
Dungeons-Slice,M17_V0_H8_C11,5565169,116.97%,
Dungeons-Slice,M18_V4_H10_C4,5564541,116.94%,
Dungeons-Slice,M9_V5_H18_C4,5564273,116.93%,
Dungeons-Slice,M16_V5_H8_C7,5564146,116.93%,
Dungeons-Slice,M9_V2_H19_C6,5563791,116.92%,
Dungeons-Slice,M10_V1_H10_C15,5563565,116.91%,
Dungeons-Slice,M17_V1_H8_C10,5563324,116.90%,
Dungeons-Slice,M18_V1_H9_C8,5562816,116.88%,
Dungeons-Slice,M17_V4_H8_C7,5561967,116.84%,
Dungeons-Slice,M10_V4_H9_C13,5561068,116.81%,
Dungeons-Slice,M19_V2_H12_C3,5560755,116.80%,
Dungeons-Slice,M18_V2_H9_C7,5560203,116.78%,
Dungeons-Slice,M9_V3_H10_C14,5559346,116.74%,
Dungeons-Slice,M17_V3_H8_C8,5558846,116.72%,
Dungeons-Slice,M19_V2_H10_C5,5558233,116.70%,
Dungeons-Slice,M11_V1_H9_C15,5558142,116.69%,
Dungeons-Slice,M9_V0_H12_C15,5558047,116.69%,
Dungeons-Slice,M18_V0_H8_C10,5557544,116.67%,
Dungeons-Slice,M9_V3_H19_C5,5557504,116.67%,
Dungeons-Slice,M12_V0_H9_C15,5556919,116.65%,
Dungeons-Slice,M12_V2_H8_C14,5556630,116.64%,
Dungeons-Slice,M13_V0_H8_C15,5556357,116.63%,
Dungeons-Slice,M18_V1_H8_C9,5555328,116.59%,
Dungeons-Slice,M11_V3_H8_C14,5554664,116.56%,
Dungeons-Slice,M18_V3_H9_C6,5553271,116.50%,
Dungeons-Slice,M10_V3_H9_C14,5549639,116.36%,
Dungeons-Slice,M18_V2_H8_C8,5549527,116.36%,
Dungeons-Slice,M17_V5_H9_C5,5549074,116.34%,
Dungeons-Slice,M9_V2_H10_C15,5547807,116.29%,
Dungeons-Slice,M18_V5_H10_C3,5547575,116.28%,
Dungeons-Slice,M18_V4_H9_C5,5546586,116.24%,
Dungeons-Slice,M10_V5_H8_C13,5546159,116.23%,
Dungeons-Slice,M17_V5_H8_C6,5545904,116.22%,
Dungeons-Slice,M19_V3_H10_C4,5545732,116.21%,
Dungeons-Slice,M18_V3_H8_C7,5544872,116.18%,
Dungeons-Slice,M14_V3_H7_C12,5544321,116.16%,
Dungeons-Slice,M12_V1_H8_C15,5544171,116.15%,
Dungeons-Slice,M10_V4_H19_C3,5543673,116.13%,
Dungeons-Slice,M9_V4_H19_C4,5543338,116.12%,
Dungeons-Slice,M15_V3_H7_C11,5542810,116.10%,
Dungeons-Slice,M19_V0_H9_C8,5542768,116.10%,
Dungeons-Slice,M19_V1_H9_C7,5542645,116.09%,
Dungeons-Slice,M10_V0_H10_C16,5541955,116.06%,
Dungeons-Slice,M14_V4_H7_C11,5541944,116.06%,
Dungeons-Slice,M19_V0_H8_C9,5540719,116.02%,
Dungeons-Slice,M9_V0_H11_C16,5540140,115.99%,
Dungeons-Slice,M11_V2_H8_C15,5539754,115.98%,
Dungeons-Slice,M14_V5_H7_C10,5539324,115.96%,
Dungeons-Slice,M9_V5_H9_C13,5539237,115.96%,
Dungeons-Slice,M16_V3_H7_C10,5538779,115.94%,
Dungeons-Slice,M10_V2_H9_C15,5538772,115.94%,
Dungeons-Slice,M15_V2_H7_C12,5537957,115.91%,
Dungeons-Slice,M18_V4_H8_C6,5537322,115.88%,
Dungeons-Slice,M10_V4_H8_C14,5536883,115.87%,
Dungeons-Slice,M19_V1_H8_C8,5536420,115.85%,
Dungeons-Slice,M13_V4_H7_C12,5536255,115.84%,
Dungeons-Slice,M15_V4_H7_C10,5534864,115.79%,
Dungeons-Slice,M13_V5_H7_C11,5534574,115.78%,
Dungeons-Slice,M15_V5_H7_C9,5534479,115.77%,
Dungeons-Slice,M13_V3_H7_C13,5534256,115.76%,
Dungeons-Slice,M12_V4_H7_C13,5534035,115.75%,
Dungeons-Slice,M16_V4_H7_C9,5533270,115.73%,
Dungeons-Slice,M16_V2_H7_C11,5531420,115.65%,
Dungeons-Slice,M19_V4_H10_C3,5530095,115.60%,
Dungeons-Slice,M14_V2_H7_C13,5529926,115.59%,
Dungeons-Slice,M19_V2_H8_C7,5528919,115.56%,
Dungeons-Slice,M15_V1_H7_C13,5528593,115.54%,
Dungeons-Slice,M9_V4_H9_C14,5528335,115.53%,
Dungeons-Slice,M10_V3_H8_C15,5527438,115.50%,
Dungeons-Slice,M11_V0_H9_C16,5526574,115.46%,
Dungeons-Slice,M12_V5_H7_C12,5526574,115.46%,
Dungeons-Slice,M16_V1_H7_C12,5526140,115.45%,
Dungeons-Slice,M12_V0_H8_C16,5526075,115.44%,
Dungeons-Slice,M18_V5_H9_C4,5525782,115.43%,
Dungeons-Slice,M9_V1_H10_C16,5525133,115.41%,
Dungeons-Slice,M19_V2_H9_C6,5525083,115.41%,
Dungeons-Slice,M18_V5_H8_C5,5524724,115.39%,
Dungeons-Slice,M9_V3_H9_C15,5523376,115.34%,
Dungeons-Slice,M17_V2_H7_C10,5522556,115.31%,
Dungeons-Slice,M16_V5_H7_C8,5522355,115.30%,
Dungeons-Slice,M9_V5_H19_C3,5522057,115.29%,
Dungeons-Slice,M17_V3_H7_C9,5521986,115.29%,
Dungeons-Slice,M11_V1_H8_C16,5521301,115.26%,
Dungeons-Slice,M12_V3_H7_C14,5520963,115.25%,
Dungeons-Slice,M17_V1_H7_C11,5520341,115.22%,
Dungeons-Slice,M19_V3_H8_C6,5520312,115.22%,
Dungeons-Slice,M19_V3_H9_C5,5517817,115.12%,
Dungeons-Slice,M14_V1_H7_C14,5517245,115.10%,
Dungeons-Slice,M15_V0_H7_C14,5516872,115.09%,
Dungeons-Slice,M13_V2_H7_C14,5516830,115.08%,
Dungeons-Slice,M17_V4_H7_C8,5516464,115.07%,
Dungeons-Slice,M16_V0_H7_C13,5516437,115.07%,
Dungeons-Slice,M9_V5_H8_C14,5516369,115.07%,
Dungeons-Slice,M10_V1_H9_C16,5515652,115.04%,
Dungeons-Slice,M11_V5_H7_C13,5515066,115.02%,
Dungeons-Slice,M19_V4_H9_C4,5511789,114.89%,
Dungeons-Slice,M18_V1_H7_C10,5511777,114.89%,
Dungeons-Slice,M17_V5_H7_C7,5508825,114.77%,
Dungeons-Slice,M18_V2_H7_C9,5508388,114.76%,
Dungeons-Slice,M11_V4_H7_C14,5508269,114.75%,
Dungeons-Slice,M18_V3_H7_C8,5508091,114.74%,
Dungeons-Slice,M17_V0_H7_C12,5506566,114.68%,
Dungeons-Slice,M10_V2_H8_C16,5506006,114.66%,
Dungeons-Slice,M19_V4_H8_C5,5505037,114.62%,
Dungeons-Slice,M13_V1_H7_C15,5502326,114.52%,
Dungeons-Slice,M9_V0_H10_C17,5502016,114.51%,
Dungeons-Slice,M18_V0_H7_C11,5501220,114.48%,
Dungeons-Slice,M9_V2_H9_C16,5501119,114.47%,
Dungeons-Slice,M14_V0_H7_C15,5501093,114.47%,
Dungeons-Slice,M12_V2_H7_C15,5497335,114.32%,
Dungeons-Slice,M9_V4_H8_C15,5497252,114.32%,
Dungeons-Slice,M11_V0_H8_C17,5497021,114.31%,
Dungeons-Slice,M10_V0_H9_C17,5492835,114.15%,
Dungeons-Slice,M15_V5_H6_C10,5492648,114.14%,
Dungeons-Slice,M18_V4_H7_C7,5492546,114.14%,
Dungeons-Slice,M9_V3_H8_C16,5492472,114.13%,
Dungeons-Slice,M16_V3_H6_C11,5492437,114.13%,
Dungeons-Slice,M19_V5_H8_C4,5492055,114.12%,
Dungeons-Slice,M11_V3_H7_C15,5491176,114.08%,
Dungeons-Slice,M19_V5_H9_C3,5490795,114.07%,
Dungeons-Slice,M19_V2_H7_C8,5490754,114.07%,
Dungeons-Slice,M18_V5_H7_C6,5490225,114.05%,
Dungeons-Slice,M10_V1_H8_C17,5490082,114.04%,
Dungeons-Slice,M15_V4_H6_C11,5488962,114.00%,
Dungeons-Slice,M19_V1_H7_C9,5488444,113.98%,
Dungeons-Slice,M14_V5_H6_C11,5488278,113.97%,
Dungeons-Slice,M16_V2_H6_C12,5487728,113.95%,
Dungeons-Slice,M15_V3_H6_C12,5487703,113.95%,
Dungeons-Slice,M10_V5_H7_C14,5487136,113.93%,
Dungeons-Slice,M12_V1_H7_C16,5486111,113.89%,
Dungeons-Slice,M14_V4_H6_C12,5485732,113.87%,
Dungeons-Slice,M13_V5_H6_C12,5485575,113.87%,
Dungeons-Slice,M16_V4_H6_C10,5484319,113.82%,
Dungeons-Slice,M13_V4_H6_C13,5483558,113.79%,
Dungeons-Slice,M19_V3_H7_C7,5482543,113.75%,
Dungeons-Slice,M14_V3_H6_C13,5481991,113.73%,
Dungeons-Slice,M19_V0_H7_C10,5481601,113.71%,
Dungeons-Slice,M16_V5_H6_C9,5480865,113.68%,
Dungeons-Slice,M15_V2_H6_C13,5479704,113.64%,
Dungeons-Slice,M17_V4_H6_C9,5479600,113.63%,
Dungeons-Slice,M9_V1_H9_C17,5477915,113.57%,
Dungeons-Slice,M13_V0_H7_C16,5477624,113.56%,
Dungeons-Slice,M11_V2_H7_C16,5475405,113.47%,
Dungeons-Slice,M19_V4_H7_C6,5473365,113.39%,
Dungeons-Slice,M10_V4_H7_C15,5473149,113.38%,
Dungeons-Slice,M16_V1_H6_C13,5473138,113.38%,
Dungeons-Slice,M14_V2_H6_C14,5473109,113.38%,
Dungeons-Slice,M17_V2_H6_C11,5472057,113.34%,
Dungeons-Slice,M12_V5_H6_C13,5471982,113.34%,
Dungeons-Slice,M17_V1_H6_C12,5471855,113.33%,
Dungeons-Slice,M9_V2_H8_C17,5471841,113.33%,
Dungeons-Slice,M13_V3_H6_C14,5470236,113.27%,
Dungeons-Slice,M19_V5_H7_C5,5469956,113.26%,
Dungeons-Slice,M17_V5_H6_C8,5469110,113.22%,
Dungeons-Slice,M17_V3_H6_C10,5468845,113.21%,
Dungeons-Slice,M18_V2_H6_C10,5464919,113.06%,
Dungeons-Slice,M10_V0_H8_C18,5464721,113.05%,
Dungeons-Slice,M10_V3_H7_C16,5463458,113.00%,
Dungeons-Slice,M11_V1_H7_C17,5462713,112.97%,
Dungeons-Slice,M14_V1_H6_C15,5462271,112.96%,
Dungeons-Slice,M12_V4_H6_C14,5461618,112.93%,
Dungeons-Slice,M15_V1_H6_C14,5460904,112.90%,
Dungeons-Slice,M13_V2_H6_C15,5460476,112.89%,
Dungeons-Slice,M18_V1_H6_C11,5456495,112.73%,
Dungeons-Slice,M16_V0_H6_C14,5455142,112.68%,
Dungeons-Slice,M18_V0_H6_C12,5454857,112.67%,
Dungeons-Slice,M18_V3_H6_C9,5454683,112.66%,
Dungeons-Slice,M18_V4_H6_C8,5453950,112.63%,
Dungeons-Slice,M9_V5_H7_C15,5453802,112.63%,
Dungeons-Slice,M16_V4_H5_C11,5452981,112.59%,
Dungeons-Slice,M17_V0_H6_C13,5452883,112.59%,
Dungeons-Slice,M9_V0_H9_C18,5452034,112.56%,
Dungeons-Slice,M15_V4_H5_C12,5451630,112.54%,
Dungeons-Slice,M12_V0_H7_C17,5450839,112.51%,
Dungeons-Slice,M11_V5_H6_C14,5450302,112.49%,
Dungeons-Slice,M19_V3_H6_C8,5449275,112.45%,
Dungeons-Slice,M18_V5_H6_C7,5448318,112.41%,
Dungeons-Slice,M15_V5_H5_C11,5447891,112.40%,
Dungeons-Slice,M16_V3_H5_C12,5446549,112.34%,
Dungeons-Slice,M15_V3_H5_C13,5446428,112.34%,
Dungeons-Slice,M14_V4_H5_C13,5446043,112.32%,
Dungeons-Slice,M16_V5_H5_C10,5445374,112.30%,
Dungeons-Slice,M15_V0_H6_C15,5445191,112.29%,
Dungeons-Slice,M14_V5_H5_C12,5444634,112.27%,
Dungeons-Slice,M12_V3_H6_C15,5444411,112.26%,
Dungeons-Slice,M9_V1_H8_C18,5443190,112.21%,
Dungeons-Slice,M13_V5_H5_C13,5442719,112.19%,
Dungeons-Slice,M19_V4_H6_C7,5441050,112.13%,
Dungeons-Slice,M11_V4_H6_C15,5440598,112.11%,
Dungeons-Slice,M17_V4_H5_C10,5440580,112.11%,
Dungeons-Slice,M10_V2_H7_C17,5439773,112.08%,
Dungeons-Slice,M19_V2_H6_C9,5439221,112.06%,
Dungeons-Slice,M14_V3_H5_C14,5438753,112.04%,
Dungeons-Slice,M19_V0_H6_C11,5438263,112.02%,
Dungeons-Slice,M17_V3_H5_C11,5438062,112.01%,
Dungeons-Slice,M19_V1_H6_C10,5437013,111.97%,
Dungeons-Slice,M14_V0_H6_C16,5436286,111.94%,
Dungeons-Slice,M9_V4_H7_C16,5436017,111.93%,
Dungeons-Slice,M17_V5_H5_C9,5435936,111.93%,
Dungeons-Slice,M16_V2_H5_C13,5435688,111.92%,
Dungeons-Slice,M12_V2_H6_C16,5433535,111.84%,
Dungeons-Slice,M18_V3_H5_C10,5433176,111.82%,
Dungeons-Slice,M18_V2_H5_C11,5431562,111.76%,
Dungeons-Slice,M17_V2_H5_C12,5430836,111.73%,
Dungeons-Slice,M13_V1_H6_C16,5429809,111.69%,
Dungeons-Slice,M11_V3_H6_C16,5429593,111.68%,
Dungeons-Slice,M17_V1_H5_C13,5429014,111.66%,
Dungeons-Slice,M19_V5_H6_C6,5428706,111.65%,
Dungeons-Slice,M18_V5_H5_C8,5426812,111.57%,
Dungeons-Slice,M13_V4_H5_C14,5425702,111.53%,
Dungeons-Slice,M15_V2_H5_C14,5424081,111.47%,
Dungeons-Slice,M11_V0_H7_C18,5423266,111.44%,
Dungeons-Slice,M12_V5_H5_C14,5422604,111.41%,
Dungeons-Slice,M18_V4_H5_C9,5422304,111.40%,
Dungeons-Slice,M9_V3_H7_C17,5422049,111.39%,
Dungeons-Slice,M10_V5_H6_C15,5420624,111.33%,
Dungeons-Slice,M18_V1_H5_C12,5418100,111.24%,
Dungeons-Slice,M14_V2_H5_C15,5416907,111.19%,
Dungeons-Slice,M15_V1_H5_C15,5416793,111.18%,
Dungeons-Slice,M13_V3_H5_C15,5416740,111.18%,
Dungeons-Slice,M16_V1_H5_C14,5415970,111.15%,
Dungeons-Slice,M19_V3_H5_C9,5415272,111.12%,
Dungeons-Slice,M9_V0_H8_C19,5413266,111.05%,
Dungeons-Slice,M19_V2_H5_C10,5413115,111.04%,
Dungeons-Slice,M17_V0_H5_C14,5411805,110.99%,
Dungeons-Slice,M10_V1_H7_C18,5411670,110.98%,
Dungeons-Slice,M19_V1_H5_C11,5409768,110.91%,
Dungeons-Slice,M18_V0_H5_C13,5407765,110.83%,
Dungeons-Slice,M12_V1_H6_C17,5407240,110.81%,
Dungeons-Slice,M13_V0_H6_C17,5407058,110.80%,
Dungeons-Slice,M12_V4_H5_C15,5406313,110.78%,
Dungeons-Slice,M10_V4_H6_C16,5405689,110.75%,
Dungeons-Slice,M19_V0_H5_C12,5405094,110.73%,
Dungeons-Slice,M19_V5_H5_C7,5403685,110.67%,
Dungeons-Slice,M16_V0_H5_C15,5402363,110.62%,
Dungeons-Slice,M14_V1_H5_C16,5400148,110.54%,
Dungeons-Slice,M19_V4_H5_C8,5399792,110.52%,
Dungeons-Slice,M13_V2_H5_C16,5398242,110.46%,
Dungeons-Slice,M11_V2_H6_C17,5398213,110.46%,
Dungeons-Slice,M11_V5_H5_C15,5395301,110.35%,
Dungeons-Slice,M9_V2_H7_C18,5394477,110.31%,
Dungeons-Slice,M12_V3_H5_C16,5393654,110.28%,
Dungeons-Slice,M10_V0_H7_C19,5389375,110.12%,
Dungeons-Slice,M11_V4_H5_C16,5388948,110.10%,
Dungeons-Slice,M10_V3_H6_C17,5388907,110.10%,
Dungeons-Slice,M15_V0_H5_C16,5388248,110.07%,
Dungeons-Slice,M9_V5_H6_C16,5380479,109.77%,
Dungeons-Slice,M12_V2_H5_C17,5378573,109.69%,
Dungeons-Slice,M11_V1_H6_C18,5378542,109.69%,
Dungeons-Slice,M12_V0_H6_C18,5377736,109.66%,
Dungeons-Slice,M13_V1_H5_C17,5373128,109.48%,
Dungeons-Slice,M14_V0_H5_C17,5370684,109.39%,
Dungeons-Slice,M9_V1_H7_C19,5365109,109.17%,
Dungeons-Slice,M10_V5_H5_C16,5364897,109.16%,
Dungeons-Slice,M9_V4_H6_C17,5364092,109.13%,
Dungeons-Slice,M11_V3_H5_C17,5361896,109.04%,
Dungeons-Slice,M10_V2_H6_C18,5359418,108.95%,
Dungeons-Slice,M10_V4_H5_C17,5352232,108.67%,
Dungeons-Slice,M11_V2_H5_C18,5350938,108.62%,
Dungeons-Slice,M9_V3_H6_C18,5346978,108.46%,
Dungeons-Slice,M12_V1_H5_C18,5346947,108.46%,
Dungeons-Slice,M13_V0_H5_C18,5346227,108.43%,
Dungeons-Slice,M11_V0_H6_C19,5339694,108.18%,
Dungeons-Slice,M10_V1_H6_C19,5336036,108.04%,
Dungeons-Slice,M9_V5_H5_C17,5330962,107.84%,
Dungeons-Slice,M10_V3_H5_C18,5325463,107.62%,
Dungeons-Slice,M9_V2_H6_C19,5324951,107.60%,
Dungeons-Slice,M12_V0_H5_C19,5319872,107.41%,
Dungeons-Slice,M11_V1_H5_C19,5309322,106.99%,
Dungeons-Slice,M9_V4_H5_C18,5307650,106.93%,
Dungeons-Slice,M10_V2_H5_C19,5295970,106.47%,
Dungeons-Slice,M9_V3_H5_C19,5285335,106.06%,
Dungeons-Slice,Base,2564963,0.00%,
